Country Name,Average Internet Usage (%)
Iceland,89.67500869565218
Norway,88.67622083333333
Kosovo,86.6683
Denmark,86.21154583333333
Sweden,86.11796249999999
Netherlands,83.71401250000001
"Korea, Rep.",82.26692083333333
Luxembourg,81.33774583333333
Finland,80.85715833333333
Switzerland,80.81519166666666
